1,1.1,abcd1
2,2.2,abcd2
1,1.1,abcd1
2,2.2,abcd2
1,1.1,abcd1
2,2.2,abcd2
1,1.1,abcd1
2,2.2,abcd2
3,3.3,abcd3
1,1.1,abcd1
2,2.2,abcd2
1,1.1,abcd1
2,2.2,abcd2
3,3.3,abcd3
3,3.3,abcd3
3,3.3,abcd3
3,3.3,abcd3
4,4.4,abcd4
5,5.5,abcd5
6,6.6,abcd6
3,3.3,abcd3
4,4.4,abcd4
5,5.5,abcd5
6,6.6,abcd6
3,3.3,abcd3
4,4.4,abcd4
5,5.5,abcd5
6,6.6,abcd6
4,4.4,abcd4
5,5.5,abcd5
6,6.6,abcd6
3,3.3,abcd3
4,4.4,abcd4
5,5.5,abcd5
6,6.6,abcd6
4,4.4,abcd4
5,5.5,abcd5
6,6.6,abcd6
1,1.1,abcd1
2,2.2,abcd2
4,4.4,abcd4
5,5.5,abcd5
6,6.6,abcd6
1,1.1,abcd1
2,2.2,abcd2
3,3.3,abcd3
4,4.4,abcd4
5,5.5,abcd5
6,6.6,abcd6
1,1.1,abcd1
2,2.2,abcd2
4,4.4,abcd4
5,5.5,abcd5
6,6.6,abcd6
